Usuario 1;usuario1@gmail.com.br;123456
Usuario 2;usuario2@gmail.com.br;123456
Usuario 3;usuario3@gmail.com.br;123456
Usuario 4;usuario4@gmail.com.br;123456
Usuario 5;usuario5@gmail.com.br;123456
Usuario 6;usuario6@gmail.com.br;123456
Usuario 7;usuario7@gmail.com.br;123456
Usuario 8;usuario8@gmail.com.br;123456
Usuario 9;usuario9@gmail.com.br;123456
Usuario 10;usuario10@gmail.com.br;123456
Usuario 11;usuario11@gmail.com.br;123456
Usuario 12;usuario12@gmail.com.br;123456
Usuario 13;usuario13@gmail.com.br;123456
Usuario 14;usuario14@gmail.com.br;123456
Usuario 15;usuario15@gmail.com.br;123456
Usuario 16;usuario16@gmail.com.br;123456
Usuario 17;usuario17@gmail.com.br;123456
Usuario 18;usuario18@gmail.com.br;123456
Usuario 19;usuario19@gmail.com.br;123456
Usuario 20;usuario20@gmail.com.br;123456
Usuario 21;usuario21@gmail.com.br;123456
Usuario 22;usuario22@gmail.com.br;123456
Usuario 23;usuario23@gmail.com.br;123456
Usuario 24;usuario24@gmail.com.br;123456
Usuario 25;usuario25@gmail.com.br;123456
Usuario 26;usuario26@gmail.com.br;123456
Usuario 27;usuario27@gmail.com.br;123456
Usuario 28;usuario28@gmail.com.br;123456
Usuario 29;usuario29@gmail.com.br;123456
Usuario 30;usuario30@gmail.com.br;123456